location_id,location_name,target,h,device_clf,device_reg,best_iter_clf,best_iter_reg,p_thr_tuned,use_log1p,test_mae,test_rmse,prec,rec,f1,tp,fp,fn,model_clf,model_reg
d9731703-f025-5cf2-bef7-073fb52b7baf,ninhthuan,rain,1,cpu,cpu,82,75,0.35,True,0.14742599427700043,0.6281062364578247,0.7058011049718883,0.7520235467249802,0.7281795506221783,1022,426,337,lgb_rain_clf_d9731703-f025-5cf2-bef7-073fb52b7baf_h001.txt,lgb_rain_reg_d9731703-f025-5cf2-bef7-073fb52b7baf_h001.txt
d9731703-f025-5cf2-bef7-073fb52b7baf,ninhthuan,rain,2,cpu,cpu,69,50,0.3,True,0.1788260042667389,0.6678664088249207,0.5859835100114335,0.7321559970561206,0.6509649978701322,995,703,364,lgb_rain_clf_d9731703-f025-5cf2-bef7-073fb52b7baf_h002.txt,lgb_rain_reg_d9731703-f025-5cf2-bef7-073fb52b7baf_h002.txt
d9731703-f025-5cf2-bef7-073fb52b7baf,ninhthuan,rain,3,cpu,cpu,71,50,0.3,True,0.1898341029882431,0.6803410053253174,0.5487593768029148,0.6997792494476087,0.6151358339183016,951,782,408,lgb_rain_clf_d9731703-f025-5cf2-bef7-073fb52b7baf_h003.txt,lgb_rain_reg_d9731703-f025-5cf2-bef7-073fb52b7baf_h003.txt
d9731703-f025-5cf2-bef7-073fb52b7baf,ninhthuan,rain,4,cpu,cpu,79,35,0.3,True,0.19729293882846832,0.6914783120155334,0.5150141643056573,0.6688741721849383,0.5819462222993658,909,856,450,lgb_rain_clf_d9731703-f025-5cf2-bef7-073fb52b7baf_h004.txt,lgb_rain_reg_d9731703-f025-5cf2-bef7-073fb52b7baf_h004.txt
d9731703-f025-5cf2-bef7-073fb52b7baf,ninhthuan,rain,5,cpu,cpu,77,50,0.25,True,0.21380536258220673,0.6966652274131775,0.46880998080591707,0.7189109639435476,0.567528317848881,977,1107,382,lgb_rain_clf_d9731703-f025-5cf2-bef7-073fb52b7baf_h005.txt,lgb_rain_reg_d9731703-f025-5cf2-bef7-073fb52b7baf_h005.txt
d9731703-f025-5cf2-bef7-073fb52b7baf,ninhthuan,rain,6,cpu,cpu,66,31,0.25,True,0.21633733808994293,0.6994156241416931,0.4613194114853055,0.7152317880789439,0.5608770912713766,972,1135,387,lgb_rain_clf_d9731703-f025-5cf2-bef7-073fb52b7baf_h006.txt,lgb_rain_reg_d9731703-f025-5cf2-bef7-073fb52b7baf_h006.txt
d9731703-f025-5cf2-bef7-073fb52b7baf,ninhthuan,rain,7,cpu,cpu,71,36,0.25,True,0.21808885037899017,0.7020289897918701,0.4531548757168006,0.6975717439288466,0.5494059688065044,948,1144,411,lgb_rain_clf_d9731703-f025-5cf2-bef7-073fb52b7baf_h007.txt,lgb_rain_reg_d9731703-f025-5cf2-bef7-073fb52b7baf_h007.txt
d9731703-f025-5cf2-bef7-073fb52b7baf,ninhthuan,rain,8,cpu,cpu,74,44,0.25,True,0.21892571449279785,0.7034182548522949,0.4437439379241301,0.6732891832224627,0.5349313061562881,915,1147,444,lgb_rain_clf_d9731703-f025-5cf2-bef7-073fb52b7baf_h008.txt,lgb_rain_reg_d9731703-f025-5cf2-bef7-073fb52b7baf_h008.txt
d9731703-f025-5cf2-bef7-073fb52b7baf,ninhthuan,rain,9,cpu,cpu,67,33,0.25,True,0.21945662796497345,0.7053201198577881,0.44751108920628513,0.6681383370120175,0.5360094446195915,908,1121,451,lgb_rain_clf_d9731703-f025-5cf2-bef7-073fb52b7baf_h009.txt,lgb_rain_reg_d9731703-f025-5cf2-bef7-073fb52b7baf_h009.txt
d9731703-f025-5cf2-bef7-073fb52b7baf,ninhthuan,rain,10,cpu,cpu,56,28,0.25,True,0.21870078146457672,0.7057341933250427,0.44323790720609907,0.6607799852828103,0.5305760704201339,898,1128,461,lgb_rain_clf_d9731703-f025-5cf2-bef7-073fb52b7baf_h010.txt,lgb_rain_reg_d9731703-f025-5cf2-bef7-073fb52b7baf_h010.txt
d9731703-f025-5cf2-bef7-073fb52b7baf,ninhthuan,rain,11,cpu,cpu,54,31,0.3,True,0.20410239696502686,0.7046859860420227,0.47263980757638446,0.5783664459156892,0.5201853072479319,786,877,573,lgb_rain_clf_d9731703-f025-5cf2-bef7-073fb52b7baf_h011.txt,lgb_rain_reg_d9731703-f025-5cf2-bef7-073fb52b7baf_h011.txt
d9731703-f025-5cf2-bef7-073fb52b7baf,ninhthuan,rain,12,cpu,cpu,76,38,0.3,True,0.20119574666023254,0.7044328451156616,0.47313156269272816,0.5636497424572747,0.5144392204571259,766,853,593,lgb_rain_clf_d9731703-f025-5cf2-bef7-073fb52b7baf_h012.txt,lgb_rain_reg_d9731703-f025-5cf2-bef7-073fb52b7baf_h012.txt
d9731703-f025-5cf2-bef7-073fb52b7baf,ninhthuan,rain,13,cpu,cpu,70,36,0.25,True,0.21902836859226227,0.7087138891220093,0.4309815950918042,0.6203090507721705,0.5085972845837827,843,1113,516,lgb_rain_clf_d9731703-f025-5cf2-bef7-073fb52b7baf_h013.txt,lgb_rain_reg_d9731703-f025-5cf2-bef7-073fb52b7baf_h013.txt
d9731703-f025-5cf2-bef7-073fb52b7baf,ninhthuan,rain,14,cpu,cpu,51,22,0.25,True,0.2181624472141266,0.7092531323432922,0.4353535353533155,0.6342899190576643,0.5163222516882944,862,1118,497,lgb_rain_clf_d9731703-f025-5cf2-bef7-073fb52b7baf_h014.txt,lgb_rain_reg_d9731703-f025-5cf2-bef7-073fb52b7baf_h014.txt
d9731703-f025-5cf2-bef7-073fb52b7baf,ninhthuan,rain,15,cpu,cpu,94,19,0.25,True,0.2183617204427719,0.7117457985877991,0.42150866462771586,0.6085356880054389,0.49804275772154394,827,1135,532,lgb_rain_clf_d9731703-f025-5cf2-bef7-073fb52b7baf_h015.txt,lgb_rain_reg_d9731703-f025-5cf2-bef7-073fb52b7baf_h015.txt
d9731703-f025-5cf2-bef7-073fb52b7baf,ninhthuan,rain,16,cpu,cpu,54,21,0.3,True,0.20003679394721985,0.7087900638580322,0.46722365038530383,0.5349521707133665,0.49879931339559486,727,829,632,lgb_rain_clf_d9731703-f025-5cf2-bef7-073fb52b7baf_h016.txt,lgb_rain_reg_d9731703-f025-5cf2-bef7-073fb52b7baf_h016.txt
d9731703-f025-5cf2-bef7-073fb52b7baf,ninhthuan,rain,17,cpu,cpu,40,20,0.25,True,0.21645820140838623,0.7119135856628418,0.425377015080382,0.6019131714491524,0.49847653821037896,818,1105,541,lgb_rain_clf_d9731703-f025-5cf2-bef7-073fb52b7baf_h017.txt,lgb_rain_reg_d9731703-f025-5cf2-bef7-073fb52b7baf_h017.txt
d9731703-f025-5cf2-bef7-073fb52b7baf,ninhthuan,rain,18,cpu,cpu,56,23,0.25,True,0.21763113141059875,0.712965726852417,0.42241826673563965,0.5989698307574695,0.49543517906424217,814,1113,545,lgb_rain_clf_d9731703-f025-5cf2-bef7-073fb52b7baf_h018.txt,lgb_rain_reg_d9731703-f025-5cf2-bef7-073fb52b7baf_h018.txt
d9731703-f025-5cf2-bef7-073fb52b7baf,ninhthuan,rain,19,cpu,cpu,74,35,0.25,True,0.21504004299640656,0.7099966406822205,0.4260416666664448,0.6019131714491524,0.498932600917198,818,1102,541,lgb_rain_clf_d9731703-f025-5cf2-bef7-073fb52b7baf_h019.txt,lgb_rain_reg_d9731703-f025-5cf2-bef7-073fb52b7baf_h019.txt
d9731703-f025-5cf2-bef7-073fb52b7baf,ninhthuan,rain,20,cpu,cpu,50,22,0.25,True,0.21280179917812347,0.7145180106163025,0.43329658213868066,0.5783664459156892,0.49543019175705383,786,1028,573,lgb_rain_clf_d9731703-f025-5cf2-bef7-073fb52b7baf_h020.txt,lgb_rain_reg_d9731703-f025-5cf2-bef7-073fb52b7baf_h020.txt
d9731703-f025-5cf2-bef7-073fb52b7baf,ninhthuan,rain,21,cpu,cpu,61,21,0.25,True,0.21314005553722382,0.7144526839256287,0.42911461162388426,0.5813097866073721,0.4937499995110353,790,1051,569,lgb_rain_clf_d9731703-f025-5cf2-bef7-073fb52b7baf_h021.txt,lgb_rain_reg_d9731703-f025-5cf2-bef7-073fb52b7baf_h021.txt
d9731703-f025-5cf2-bef7-073fb52b7baf,ninhthuan,rain,22,cpu,cpu,44,20,0.2,True,0.2409767359495163,0.7205029129981995,0.38107202680051044,0.669610007357859,0.4857219103994716,910,1478,449,lgb_rain_clf_d9731703-f025-5cf2-bef7-073fb52b7baf_h022.txt,lgb_rain_reg_d9731703-f025-5cf2-bef7-073fb52b7baf_h022.txt
d9731703-f025-5cf2-bef7-073fb52b7baf,ninhthuan,rain,23,cpu,cpu,76,23,0.25,True,0.21510440111160278,0.7167068719863892,0.41355013550113084,0.5614422369385126,0.47627964994816074,763,1082,596,lgb_rain_clf_d9731703-f025-5cf2-bef7-073fb52b7baf_h023.txt,lgb_rain_reg_d9731703-f025-5cf2-bef7-073fb52b7baf_h023.txt
d9731703-f025-5cf2-bef7-073fb52b7baf,ninhthuan,rain,24,cpu,cpu,78,21,0.25,True,0.21349768340587616,0.7184462547302246,0.42035398230065246,0.5592347314197503,0.4799494785119572,760,1048,599,lgb_rain_clf_d9731703-f025-5cf2-bef7-073fb52b7baf_h024.txt,lgb_rain_reg_d9731703-f025-5cf2-bef7-073fb52b7baf_h024.txt
d9731703-f025-5cf2-bef7-073fb52b7baf,ninhthuan,rain,25,cpu,cpu,55,28,0.25,True,0.2164398729801178,0.719211995601654,0.41452758055684624,0.5584988962468297,0.47586206847616536,759,1072,600,lgb_rain_clf_d9731703-f025-5cf2-bef7-073fb52b7baf_h025.txt,lgb_rain_reg_d9731703-f025-5cf2-bef7-073fb52b7baf_h025.txt
d9731703-f025-5cf2-bef7-073fb52b7baf,ninhthuan,rain,26,cpu,cpu,55,32,0.25,True,0.21454022824764252,0.7150411605834961,0.41783029001051675,0.5724797645323234,0.4830797883973328,778,1084,581,lgb_rain_clf_d9731703-f025-5cf2-bef7-073fb52b7baf_h026.txt,lgb_rain_reg_d9731703-f025-5cf2-bef7-073fb52b7baf_h026.txt
d9731703-f025-5cf2-bef7-073fb52b7baf,ninhthuan,rain,27,cpu,cpu,62,18,0.2,True,0.2359902262687683,0.7160892486572266,0.38206123329004654,0.6519499632077617,0.4817835775653403,886,1433,473,lgb_rain_clf_d9731703-f025-5cf2-bef7-073fb52b7baf_h027.txt,lgb_rain_reg_d9731703-f025-5cf2-bef7-073fb52b7baf_h027.txt
d9731703-f025-5cf2-bef7-073fb52b7baf,ninhthuan,rain,28,cpu,cpu,74,21,0.25,True,0.21301274001598358,0.7141461968421936,0.41098901098878515,0.5504047093447016,0.47058823480433615,748,1072,611,lgb_rain_clf_d9731703-f025-5cf2-bef7-073fb52b7baf_h028.txt,lgb_rain_reg_d9731703-f025-5cf2-bef7-073fb52b7baf_h028.txt
d9731703-f025-5cf2-bef7-073fb52b7baf,ninhthuan,rain,29,cpu,cpu,49,21,0.25,True,0.21326944231987,0.7149216532707214,0.4158852730279008,0.5552282768773525,0.4755597598379667,754,1059,604,lgb_rain_clf_d9731703-f025-5cf2-bef7-073fb52b7baf_h029.txt,lgb_rain_reg_d9731703-f025-5cf2-bef7-073fb52b7baf_h029.txt
d9731703-f025-5cf2-bef7-073fb52b7baf,ninhthuan,rain,30,cpu,cpu,36,31,0.25,True,0.2085503786802292,0.7136415839195251,0.4239500567534484,0.5504789977888354,0.47899967889254136,747,1015,610,lgb_rain_clf_d9731703-f025-5cf2-bef7-073fb52b7baf_h030.txt,lgb_rain_reg_d9731703-f025-5cf2-bef7-073fb52b7baf_h030.txt
d9731703-f025-5cf2-bef7-073fb52b7baf,ninhthuan,rain,31,cpu,cpu,44,29,0.25,True,0.20940640568733215,0.7150572538375854,0.4209328782705228,0.5453205600585517,0.4751203847407257,740,1018,617,lgb_rain_clf_d9731703-f025-5cf2-bef7-073fb52b7baf_h031.txt,lgb_rain_reg_d9731703-f025-5cf2-bef7-073fb52b7baf_h031.txt
d9731703-f025-5cf2-bef7-073fb52b7baf,ninhthuan,rain,32,cpu,cpu,35,26,0.25,True,0.21055763959884644,0.7139282822608948,0.41192865105885623,0.5449852507370613,0.4692063487157185,739,1055,617,lgb_rain_clf_d9731703-f025-5cf2-bef7-073fb52b7baf_h032.txt,lgb_rain_reg_d9731703-f025-5cf2-bef7-073fb52b7baf_h032.txt
d9731703-f025-5cf2-bef7-073fb52b7baf,ninhthuan,rain,33,cpu,cpu,37,33,0.2,True,0.22958678007125854,0.7178265452384949,0.3798554652211473,0.6206642066416084,0.47128047024878983,841,1373,514,lgb_rain_clf_d9731703-f025-5cf2-bef7-073fb52b7baf_h033.txt,lgb_rain_reg_d9731703-f025-5cf2-bef7-073fb52b7baf_h033.txt
d9731703-f025-5cf2-bef7-073fb52b7baf,ninhthuan,rain,34,cpu,cpu,34,29,0.25,True,0.20798228681087494,0.7135641574859619,0.42090069284040366,0.5384047267352006,0.47245625355774645,729,1003,625,lgb_rain_clf_d9731703-f025-5cf2-bef7-073fb52b7baf_h034.txt,lgb_rain_reg_d9731703-f025-5cf2-bef7-073fb52b7baf_h034.txt
d9731703-f025-5cf2-bef7-073fb52b7baf,ninhthuan,rain,35,cpu,cpu,49,26,0.25,True,0.20952248573303223,0.713991641998291,0.40819861431847104,0.522542498151868,0.4583468390534405,707,1025,646,lgb_rain_clf_d9731703-f025-5cf2-bef7-073fb52b7baf_h035.txt,lgb_rain_reg_d9731703-f025-5cf2-bef7-073fb52b7baf_h035.txt
d9731703-f025-5cf2-bef7-073fb52b7baf,ninhthuan,rain,36,cpu,cpu,36,24,0.2,True,0.23182493448257446,0.7178013920783997,0.37415881561221437,0.6168639053249876,0.46579167783187897,834,1395,518,lgb_rain_clf_d9731703-f025-5cf2-bef7-073fb52b7baf_h036.txt,lgb_rain_reg_d9731703-f025-5cf2-bef7-073fb52b7baf_h036.txt
d9731703-f025-5cf2-bef7-073fb52b7baf,ninhthuan,rain,37,cpu,cpu,31,20,0.2,True,0.23157884180545807,0.7176462411880493,0.3757875787577067,0.6176035502954011,0.4672635697588011,835,1387,517,lgb_rain_clf_d9731703-f025-5cf2-bef7-073fb52b7baf_h037.txt,lgb_rain_reg_d9731703-f025-5cf2-bef7-073fb52b7baf_h037.txt
d9731703-f025-5cf2-bef7-073fb52b7baf,ninhthuan,rain,38,cpu,cpu,35,48,0.2,True,0.23443055152893066,0.7191584706306458,0.37342047930266953,0.6338757396445016,0.46997532171578693,857,1438,495,lgb_rain_clf_d9731703-f025-5cf2-bef7-073fb52b7baf_h038.txt,lgb_rain_reg_d9731703-f025-5cf2-bef7-073fb52b7baf_h038.txt
d9731703-f025-5cf2-bef7-073fb52b7baf,ninhthuan,rain,39,cpu,cpu,30,11,0.25,True,0.20600153505802155,0.7115191221237183,0.41933570581232543,0.5229289940824534,0.4654377875241703,707,979,645,lgb_rain_clf_d9731703-f025-5cf2-bef7-073fb52b7baf_h039.txt,lgb_rain_reg_d9731703-f025-5cf2-bef7-073fb52b7baf_h039.txt
d9731703-f025-5cf2-bef7-073fb52b7baf,ninhthuan,rain,40,cpu,cpu,33,24,0.2,True,0.2313275933265686,0.7165228128433228,0.37779767233644684,0.624260355029124,0.47071946411448007,844,1390,508,lgb_rain_clf_d9731703-f025-5cf2-bef7-073fb52b7baf_h040.txt,lgb_rain_reg_d9731703-f025-5cf2-bef7-073fb52b7baf_h040.txt
d9731703-f025-5cf2-bef7-073fb52b7baf,ninhthuan,rain,41,cpu,cpu,55,14,0.2,True,0.23792186379432678,0.7194240689277649,0.3649228130358641,0.6294378698220197,0.4619978279824711,851,1481,501,lgb_rain_clf_d9731703-f025-5cf2-bef7-073fb52b7baf_h041.txt,lgb_rain_reg_d9731703-f025-5cf2-bef7-073fb52b7baf_h041.txt
d9731703-f025-5cf2-bef7-073fb52b7baf,ninhthuan,rain,42,cpu,cpu,38,32,0.2,True,0.2332521378993988,0.720108151435852,0.3691275167783583,0.6102071005912646,0.4599944238400509,825,1410,527,lgb_rain_clf_d9731703-f025-5cf2-bef7-073fb52b7baf_h042.txt,lgb_rain_reg_d9731703-f025-5cf2-bef7-073fb52b7baf_h042.txt
d9731703-f025-5cf2-bef7-073fb52b7baf,ninhthuan,rain,43,cpu,cpu,37,31,0.25,True,0.21186701953411102,0.7163597941398621,0.4029345372458223,0.5284974093260337,0.4572526411994756,714,1058,637,lgb_rain_clf_d9731703-f025-5cf2-bef7-073fb52b7baf_h043.txt,lgb_rain_reg_d9731703-f025-5cf2-bef7-073fb52b7baf_h043.txt
d9731703-f025-5cf2-bef7-073fb52b7baf,ninhthuan,rain,44,cpu,cpu,59,20,0.2,True,0.2352951467037201,0.7203180193901062,0.3612084063045704,0.610658771280081,0.4539202196152213,825,1459,526,lgb_rain_clf_d9731703-f025-5cf2-bef7-073fb52b7baf_h044.txt,lgb_rain_reg_d9731703-f025-5cf2-bef7-073fb52b7baf_h044.txt
d9731703-f025-5cf2-bef7-073fb52b7baf,ninhthuan,rain,45,cpu,cpu,34,12,0.2,True,0.23739030957221985,0.720678985118866,0.3624623331896847,0.6232420429307007,0.4583560147769898,842,1481,509,lgb_rain_clf_d9731703-f025-5cf2-bef7-073fb52b7baf_h045.txt,lgb_rain_reg_d9731703-f025-5cf2-bef7-073fb52b7baf_h045.txt
d9731703-f025-5cf2-bef7-073fb52b7baf,ninhthuan,rain,46,cpu,cpu,33,7,0.2,True,0.23829811811447144,0.7212755680084229,0.35870967741920057,0.6173205033304091,0.45375408005716245,834,1491,517,lgb_rain_clf_d9731703-f025-5cf2-bef7-073fb52b7baf_h046.txt,lgb_rain_reg_d9731703-f025-5cf2-bef7-073fb52b7baf_h046.txt
d9731703-f025-5cf2-bef7-073fb52b7baf,ninhthuan,rain,47,cpu,cpu,36,26,0.2,True,0.23591558635234833,0.7207556366920471,0.3614982578395638,0.6143597335302633,0.45516863128544627,830,1466,521,lgb_rain_clf_d9731703-f025-5cf2-bef7-073fb52b7baf_h047.txt,lgb_rain_reg_d9731703-f025-5cf2-bef7-073fb52b7baf_h047.txt
d9731703-f025-5cf2-bef7-073fb52b7baf,ninhthuan,rain,48,cpu,cpu,28,12,0.2,True,0.2324385941028595,0.7203844785690308,0.3689792311089841,0.6180606957804455,0.46209186450114786,835,1428,516,lgb_rain_clf_d9731703-f025-5cf2-bef7-073fb52b7baf_h048.txt,lgb_rain_reg_d9731703-f025-5cf2-bef7-073fb52b7baf_h048.txt
d9731703-f025-5cf2-bef7-073fb52b7baf,ninhthuan,rain,49,cpu,cpu,34,21,0.2,True,0.23333817720413208,0.7197149395942688,0.36314847942738676,0.601036269429607,0.45274602685106496,812,1424,539,lgb_rain_clf_d9731703-f025-5cf2-bef7-073fb52b7baf_h049.txt,lgb_rain_reg_d9731703-f025-5cf2-bef7-073fb52b7baf_h049.txt
d9731703-f025-5cf2-bef7-073fb52b7baf,ninhthuan,rain,50,cpu,cpu,33,23,0.2,True,0.23573029041290283,0.7202696800231934,0.3611591695500168,0.6180606957804455,0.45591045544462167,835,1477,516,lgb_rain_clf_d9731703-f025-5cf2-bef7-073fb52b7baf_h050.txt,lgb_rain_reg_d9731703-f025-5cf2-bef7-073fb52b7baf_h050.txt
d9731703-f025-5cf2-bef7-073fb52b7baf,ninhthuan,rain,51,cpu,cpu,24,23,0.2,True,0.23256269097328186,0.7198202013969421,0.3586175942547762,0.5914137675791329,0.44649343344986225,799,1429,552,lgb_rain_clf_d9731703-f025-5cf2-bef7-073fb52b7baf_h051.txt,lgb_rain_reg_d9731703-f025-5cf2-bef7-073fb52b7baf_h051.txt
d9731703-f025-5cf2-bef7-073fb52b7baf,ninhthuan,rain,52,cpu,cpu,22,22,0.2,True,0.22683410346508026,0.7174993753433228,0.37270220588218167,0.6007407407402957,0.46001134382666736,811,1365,539,lgb_rain_clf_d9731703-f025-5cf2-bef7-073fb52b7baf_h052.txt,lgb_rain_reg_d9731703-f025-5cf2-bef7-073fb52b7baf_h052.txt
d9731703-f025-5cf2-bef7-073fb52b7baf,ninhthuan,rain,53,cpu,cpu,24,28,0.2,True,0.22967329621315002,0.7186594009399414,0.37375565610842815,0.6123054114154097,0.46417532967792047,826,1384,523,lgb_rain_clf_d9731703-f025-5cf2-bef7-073fb52b7baf_h053.txt,lgb_rain_reg_d9731703-f025-5cf2-bef7-073fb52b7baf_h053.txt
d9731703-f025-5cf2-bef7-073fb52b7baf,ninhthuan,rain,54,cpu,cpu,31,21,0.2,True,0.23156729340553284,0.7193026542663574,0.3561521252794827,0.5900667160855522,0.44419642810173704,796,1439,553,lgb_rain_clf_d9731703-f025-5cf2-bef7-073fb52b7baf_h054.txt,lgb_rain_reg_d9731703-f025-5cf2-bef7-073fb52b7baf_h054.txt
d9731703-f025-5cf2-bef7-073fb52b7baf,ninhthuan,rain,55,cpu,cpu,28,11,0.2,True,0.23090170323848724,0.7164977192878723,0.3690795352992095,0.6123054114154097,0.46055199283962744,826,1412,523,lgb_rain_clf_d9731703-f025-5cf2-bef7-073fb52b7baf_h055.txt,lgb_rain_reg_d9731703-f025-5cf2-bef7-073fb52b7baf_h055.txt
d9731703-f025-5cf2-bef7-073fb52b7baf,ninhthuan,rain,56,cpu,cpu,21,21,0.2,True,0.22439803183078766,0.7147911787033081,0.3800925925924166,0.6090504451034058,0.46807297558125466,821,1339,527,lgb_rain_clf_d9731703-f025-5cf2-bef7-073fb52b7baf_h056.txt,lgb_rain_reg_d9731703-f025-5cf2-bef7-073fb52b7baf_h056.txt
d9731703-f025-5cf2-bef7-073fb52b7baf,ninhthuan,rain,57,cpu,cpu,28,11,0.2,True,0.2326282411813736,0.7177149057388306,0.3635164835163237,0.6139569413506949,0.4566537819732107,827,1448,520,lgb_rain_clf_d9731703-f025-5cf2-bef7-073fb52b7baf_h057.txt,lgb_rain_reg_d9731703-f025-5cf2-bef7-073fb52b7baf_h057.txt
d9731703-f025-5cf2-bef7-073fb52b7baf,ninhthuan,rain,58,cpu,cpu,24,17,0.2,True,0.23227301239967346,0.7168496251106262,0.36809269162193936,0.6136701337291132,0.46016713045024854,826,1418,520,lgb_rain_clf_d9731703-f025-5cf2-bef7-073fb52b7baf_h058.txt,lgb_rain_reg_d9731703-f025-5cf2-bef7-073fb52b7baf_h058.txt
d9731703-f025-5cf2-bef7-073fb52b7baf,ninhthuan,rain,59,cpu,cpu,28,13,0.2,True,0.23349027335643768,0.7183971405029297,0.3614298323034592,0.6089219330850492,0.453613956884809,819,1447,526,lgb_rain_clf_d9731703-f025-5cf2-bef7-073fb52b7baf_h059.txt,lgb_rain_reg_d9731703-f025-5cf2-bef7-073fb52b7baf_h059.txt
d9731703-f025-5cf2-bef7-073fb52b7baf,ninhthuan,rain,60,cpu,cpu,31,11,0.15,True,0.27724823355674744,0.725888192653656,0.30384615384605645,0.704309063892493,0.4245409758438172,948,2172,398,lgb_rain_clf_d9731703-f025-5cf2-bef7-073fb52b7baf_h060.txt,lgb_rain_reg_d9731703-f025-5cf2-bef7-073fb52b7baf_h060.txt
d9731703-f025-5cf2-bef7-073fb52b7baf,ninhthuan,rain,61,cpu,cpu,21,11,0.2,True,0.22805801033973694,0.7155759334564209,0.37816674343603035,0.6095025983662884,0.46674246683813725,821,1350,526,lgb_rain_clf_d9731703-f025-5cf2-bef7-073fb52b7baf_h061.txt,lgb_rain_reg_d9731703-f025-5cf2-bef7-073fb52b7baf_h061.txt
d9731703-f025-5cf2-bef7-073fb52b7baf,ninhthuan,rain,62,cpu,cpu,26,15,0.2,True,0.2322283685207367,0.7186049222946167,0.3643652561245593,0.6077265973249572,0.45558340248290735,818,1427,528,lgb_rain_clf_d9731703-f025-5cf2-bef7-073fb52b7baf_h062.txt,lgb_rain_reg_d9731703-f025-5cf2-bef7-073fb52b7baf_h062.txt
d9731703-f025-5cf2-bef7-073fb52b7baf,ninhthuan,rain,63,cpu,cpu,24,15,0.2,True,0.23406119644641876,0.7153022885322571,0.36383161512011863,0.6292719167900228,0.4610778438468466,847,1481,499,lgb_rain_clf_d9731703-f025-5cf2-bef7-073fb52b7baf_h063.txt,lgb_rain_reg_d9731703-f025-5cf2-bef7-073fb52b7baf_h063.txt
d9731703-f025-5cf2-bef7-073fb52b7baf,ninhthuan,rain,64,cpu,cpu,22,13,0.2,True,0.2353605479001999,0.7185021042823792,0.3620840630471269,0.6144130757796327,0.45564738245324504,827,1457,519,lgb_rain_clf_d9731703-f025-5cf2-bef7-073fb52b7baf_h064.txt,lgb_rain_reg_d9731703-f025-5cf2-bef7-073fb52b7baf_h064.txt
d9731703-f025-5cf2-bef7-073fb52b7baf,ninhthuan,rain,65,cpu,cpu,24,13,0.2,True,0.2335551232099533,0.7194534540176392,0.3613707165107426,0.60326894502184,0.45198998004886326,812,1435,534,lgb_rain_clf_d9731703-f025-5cf2-bef7-073fb52b7baf_h065.txt,lgb_rain_reg_d9731703-f025-5cf2-bef7-073fb52b7baf_h065.txt
d9731703-f025-5cf2-bef7-073fb52b7baf,ninhthuan,rain,66,cpu,cpu,24,17,0.2,True,0.23455479741096497,0.7173997163772583,0.3598585322721663,0.604754829122879,0.4512195117270994,814,1448,532,lgb_rain_clf_d9731703-f025-5cf2-bef7-073fb52b7baf_h066.txt,lgb_rain_reg_d9731703-f025-5cf2-bef7-073fb52b7baf_h066.txt
d9731703-f025-5cf2-bef7-073fb52b7baf,ninhthuan,rain,67,cpu,cpu,27,14,0.2,True,0.2375757098197937,0.7194221019744873,0.35400843881841604,0.6233283803858668,0.4515608176216863,839,1531,507,lgb_rain_clf_d9731703-f025-5cf2-bef7-073fb52b7baf_h067.txt,lgb_rain_reg_d9731703-f025-5cf2-bef7-073fb52b7baf_h067.txt
d9731703-f025-5cf2-bef7-073fb52b7baf,ninhthuan,rain,68,cpu,cpu,26,8,0.2,True,0.23390115797519684,0.7172777652740479,0.3573913043476707,0.6106983655270352,0.4509051010150599,822,1478,524,lgb_rain_clf_d9731703-f025-5cf2-bef7-073fb52b7baf_h068.txt,lgb_rain_reg_d9731703-f025-5cf2-bef7-073fb52b7baf_h068.txt
d9731703-f025-5cf2-bef7-073fb52b7baf,ninhthuan,rain,69,cpu,cpu,25,23,0.2,True,0.2377471923828125,0.7184467911720276,0.35422928295390543,0.6129271916785937,0.4489795913722639,825,1504,521,lgb_rain_clf_d9731703-f025-5cf2-bef7-073fb52b7baf_h069.txt,lgb_rain_reg_d9731703-f025-5cf2-bef7-073fb52b7baf_h069.txt
d9731703-f025-5cf2-bef7-073fb52b7baf,ninhthuan,rain,70,cpu,cpu,25,14,0.2,True,0.23647639155387878,0.7161616086959839,0.35549872122746995,0.6196136701332693,0.45178764850718434,834,1512,512,lgb_rain_clf_d9731703-f025-5cf2-bef7-073fb52b7baf_h070.txt,lgb_rain_reg_d9731703-f025-5cf2-bef7-073fb52b7baf_h070.txt
d9731703-f025-5cf2-bef7-073fb52b7baf,ninhthuan,rain,71,cpu,cpu,25,11,0.25,True,0.2091808021068573,0.7152273058891296,0.3975834292287701,0.5133729569089797,0.44811932505901975,691,1047,655,lgb_rain_clf_d9731703-f025-5cf2-bef7-073fb52b7baf_h071.txt,lgb_rain_reg_d9731703-f025-5cf2-bef7-073fb52b7baf_h071.txt
d9731703-f025-5cf2-bef7-073fb52b7baf,ninhthuan,rain,72,cpu,cpu,20,14,0.2,True,0.23182402551174164,0.7160643339157104,0.36257309941504157,0.598811292718723,0.45166713318082036,806,1417,540,lgb_rain_clf_d9731703-f025-5cf2-bef7-073fb52b7baf_h072.txt,lgb_rain_reg_d9731703-f025-5cf2-bef7-073fb52b7baf_h072.txt
d9731703-f025-5cf2-bef7-073fb52b7baf,ninhthuan,rain,73,cpu,cpu,30,15,0.2,True,0.2396133691072464,0.7186227440834045,0.3427974947806502,0.6099554234765157,0.438920074385377,821,1574,525,lgb_rain_clf_d9731703-f025-5cf2-bef7-073fb52b7baf_h073.txt,lgb_rain_reg_d9731703-f025-5cf2-bef7-073fb52b7baf_h073.txt
d9731703-f025-5cf2-bef7-073fb52b7baf,ninhthuan,rain,74,cpu,cpu,25,8,0.2,True,0.23479542136192322,0.7175871133804321,0.3601036269428497,0.6196136701332693,0.45548880346711007,834,1482,512,lgb_rain_clf_d9731703-f025-5cf2-bef7-073fb52b7baf_h074.txt,lgb_rain_reg_d9731703-f025-5cf2-bef7-073fb52b7baf_h074.txt
d9731703-f025-5cf2-bef7-073fb52b7baf,ninhthuan,rain,75,cpu,cpu,21,15,0.2,True,0.23322387039661407,0.7153378129005432,0.36158192090379765,0.6181277860322302,0.45626542316989993,832,1469,514,lgb_rain_clf_d9731703-f025-5cf2-bef7-073fb52b7baf_h075.txt,lgb_rain_reg_d9731703-f025-5cf2-bef7-073fb52b7baf_h075.txt
d9731703-f025-5cf2-bef7-073fb52b7baf,ninhthuan,rain,76,cpu,cpu,21,12,0.2,True,0.22920580208301544,0.7151241898536682,0.3683025664113605,0.6077265973249572,0.45864872394810857,818,1403,528,lgb_rain_clf_d9731703-f025-5cf2-bef7-073fb52b7baf_h076.txt,lgb_rain_reg_d9731703-f025-5cf2-bef7-073fb52b7baf_h076.txt
d9731703-f025-5cf2-bef7-073fb52b7baf,ninhthuan,rain,77,cpu,cpu,25,8,0.2,True,0.23474206030368805,0.7175259590148926,0.3583188908144028,0.6139569413506949,0.4525307792880798,827,1481,520,lgb_rain_clf_d9731703-f025-5cf2-bef7-073fb52b7baf_h077.txt,lgb_rain_reg_d9731703-f025-5cf2-bef7-073fb52b7baf_h077.txt
d9731703-f025-5cf2-bef7-073fb52b7baf,ninhthuan,rain,78,cpu,cpu,23,13,0.2,True,0.23122866451740265,0.7133650183677673,0.3674459638286866,0.6184112843351014,0.460985057639507,833,1434,514,lgb_rain_clf_d9731703-f025-5cf2-bef7-073fb52b7baf_h078.txt,lgb_rain_reg_d9731703-f025-5cf2-bef7-073fb52b7baf_h078.txt
d9731703-f025-5cf2-bef7-073fb52b7baf,ninhthuan,rain,79,cpu,cpu,21,13,0.2,True,0.22925198078155518,0.7148915529251099,0.3712871287127042,0.6124721603558928,0.46231437330396075,825,1397,522,lgb_rain_clf_d9731703-f025-5cf2-bef7-073fb52b7baf_h079.txt,lgb_rain_reg_d9731703-f025-5cf2-bef7-073fb52b7baf_h079.txt
d9731703-f025-5cf2-bef7-073fb52b7baf,ninhthuan,rain,80,cpu,cpu,22,9,0.2,True,0.2312745451927185,0.715120255947113,0.36591809775413214,0.6169265033402992,0.4593698171111308,831,1440,516,lgb_rain_clf_d9731703-f025-5cf2-bef7-073fb52b7baf_h080.txt,lgb_rain_reg_d9731703-f025-5cf2-bef7-073fb52b7baf_h080.txt
d9731703-f025-5cf2-bef7-073fb52b7baf,ninhthuan,rain,81,cpu,cpu,21,9,0.2,True,0.2297489494085312,0.7143803238868713,0.36559139784929856,0.605790645879283,0.4559932937465793,816,1416,531,lgb_rain_clf_d9731703-f025-5cf2-bef7-073fb52b7baf_h081.txt,lgb_rain_reg_d9731703-f025-5cf2-bef7-073fb52b7baf_h081.txt
d9731703-f025-5cf2-bef7-073fb52b7baf,ninhthuan,rain,82,cpu,cpu,16,9,0.2,True,0.22532455623149872,0.7157013416290283,0.3742884250472608,0.5857461024494538,0.4567293772374517,789,1319,558,lgb_rain_clf_d9731703-f025-5cf2-bef7-073fb52b7baf_h082.txt,lgb_rain_reg_d9731703-f025-5cf2-bef7-073fb52b7baf_h082.txt
d9731703-f025-5cf2-bef7-073fb52b7baf,ninhthuan,rain,83,cpu,cpu,26,9,0.2,True,0.2361595779657364,0.7168615460395813,0.35649935649920356,0.6169265033402992,0.4518760191113987,831,1500,516,lgb_rain_clf_d9731703-f025-5cf2-bef7-073fb52b7baf_h083.txt,lgb_rain_reg_d9731703-f025-5cf2-bef7-073fb52b7baf_h083.txt
d9731703-f025-5cf2-bef7-073fb52b7baf,ninhthuan,rain,84,cpu,cpu,21,11,0.2,True,0.22958162426948547,0.713877260684967,0.37427937915726195,0.6265775798065133,0.468628539231679,844,1411,503,lgb_rain_clf_d9731703-f025-5cf2-bef7-073fb52b7baf_h084.txt,lgb_rain_reg_d9731703-f025-5cf2-bef7-073fb52b7baf_h084.txt
d9731703-f025-5cf2-bef7-073fb52b7baf,ninhthuan,rain,85,cpu,cpu,22,9,0.2,True,0.2286309450864792,0.7150596380233765,0.37346660608797205,0.6097922848660164,0.4632290781423168,822,1379,526,lgb_rain_clf_d9731703-f025-5cf2-bef7-073fb52b7baf_h085.txt,lgb_rain_reg_d9731703-f025-5cf2-bef7-073fb52b7baf_h085.txt
d9731703-f025-5cf2-bef7-073fb52b7baf,ninhthuan,rain,86,cpu,cpu,21,9,0.15,True,0.2734423875808716,0.7208560705184937,0.31805065726184095,0.7353595255739546,0.44404655284595,992,2127,357,lgb_rain_clf_d9731703-f025-5cf2-bef7-073fb52b7baf_h086.txt,lgb_rain_reg_d9731703-f025-5cf2-bef7-073fb52b7baf_h086.txt
d9731703-f025-5cf2-bef7-073fb52b7baf,ninhthuan,rain,87,cpu,cpu,21,9,0.2,True,0.23143504559993744,0.7154514789581299,0.36825679892984026,0.6123054114154097,0.4599109126710279,826,1417,523,lgb_rain_clf_d9731703-f025-5cf2-bef7-073fb52b7baf_h087.txt,lgb_rain_reg_d9731703-f025-5cf2-bef7-073fb52b7baf_h087.txt
d9731703-f025-5cf2-bef7-073fb52b7baf,ninhthuan,rain,88,cpu,cpu,22,9,0.15,True,0.2736622393131256,0.722424328327179,0.3166345536286716,0.730911786507983,0.44185525389124397,986,2128,363,lgb_rain_clf_d9731703-f025-5cf2-bef7-073fb52b7baf_h088.txt,lgb_rain_reg_d9731703-f025-5cf2-bef7-073fb52b7baf_h088.txt
d9731703-f025-5cf2-bef7-073fb52b7baf,ninhthuan,rain,89,cpu,cpu,25,9,0.25,True,0.20803692936897278,0.7166844606399536,0.3946731234864439,0.4829629629626052,0.43437708145014053,652,1000,698,lgb_rain_clf_d9731703-f025-5cf2-bef7-073fb52b7baf_h089.txt,lgb_rain_reg_d9731703-f025-5cf2-bef7-073fb52b7baf_h089.txt
d9731703-f025-5cf2-bef7-073fb52b7baf,ninhthuan,rain,90,cpu,cpu,19,10,0.15,True,0.27372846007347107,0.7204344868659973,0.31373801916922883,0.7268689859358054,0.4382950230108822,982,2148,369,lgb_rain_clf_d9731703-f025-5cf2-bef7-073fb52b7baf_h090.txt,lgb_rain_reg_d9731703-f025-5cf2-bef7-073fb52b7baf_h090.txt
d9731703-f025-5cf2-bef7-073fb52b7baf,ninhthuan,rain,91,cpu,cpu,22,7,0.15,True,0.27430200576782227,0.7228631377220154,0.314028314028213,0.7224278312355866,0.43776631489477097,976,2132,375,lgb_rain_clf_d9731703-f025-5cf2-bef7-073fb52b7baf_h091.txt,lgb_rain_reg_d9731703-f025-5cf2-bef7-073fb52b7baf_h091.txt
d9731703-f025-5cf2-bef7-073fb52b7baf,ninhthuan,rain,92,cpu,cpu,23,14,0.2,True,0.23098698258399963,0.7146017551422119,0.3705357142855489,0.6143597335302633,0.46226677758663814,830,1410,521,lgb_rain_clf_d9731703-f025-5cf2-bef7-073fb52b7baf_h092.txt,lgb_rain_reg_d9731703-f025-5cf2-bef7-073fb52b7baf_h092.txt
d9731703-f025-5cf2-bef7-073fb52b7baf,ninhthuan,rain,93,cpu,cpu,20,9,0.15,True,0.2719670236110687,0.7210781574249268,0.3185640362224067,0.7290895632859148,0.4433941026600766,985,2107,366,lgb_rain_clf_d9731703-f025-5cf2-bef7-073fb52b7baf_h093.txt,lgb_rain_reg_d9731703-f025-5cf2-bef7-073fb52b7baf_h093.txt
d9731703-f025-5cf2-bef7-073fb52b7baf,ninhthuan,rain,94,cpu,cpu,19,9,0.2,True,0.22991134226322174,0.7149529457092285,0.371055004508399,0.609178386380008,0.46119361118517394,823,1395,528,lgb_rain_clf_d9731703-f025-5cf2-bef7-073fb52b7baf_h094.txt,lgb_rain_reg_d9731703-f025-5cf2-bef7-073fb52b7baf_h094.txt
d9731703-f025-5cf2-bef7-073fb52b7baf,ninhthuan,rain,95,cpu,cpu,22,9,0.15,True,0.278406023979187,0.722014844417572,0.3101404056161279,0.735751295336243,0.4363476729803241,994,2211,357,lgb_rain_clf_d9731703-f025-5cf2-bef7-073fb52b7baf_h095.txt,lgb_rain_reg_d9731703-f025-5cf2-bef7-073fb52b7baf_h095.txt
d9731703-f025-5cf2-bef7-073fb52b7baf,ninhthuan,rain,96,cpu,cpu,20,10,0.2,True,0.23127038776874542,0.7155982255935669,0.365504915102607,0.6054774241298257,0.4558372801098347,818,1420,533,lgb_rain_clf_d9731703-f025-5cf2-bef7-073fb52b7baf_h096.txt,lgb_rain_reg_d9731703-f025-5cf2-bef7-073fb52b7baf_h096.txt
d9731703-f025-5cf2-bef7-073fb52b7baf,ninhthuan,rain,97,cpu,cpu,22,9,0.2,True,0.23194332420825958,0.7146656513214111,0.3644030181977965,0.6076980014799351,0.4556048829938857,821,1432,530,lgb_rain_clf_d9731703-f025-5cf2-bef7-073fb52b7baf_h097.txt,lgb_rain_reg_d9731703-f025-5cf2-bef7-073fb52b7baf_h097.txt
d9731703-f025-5cf2-bef7-073fb52b7baf,ninhthuan,rain,98,cpu,cpu,20,9,0.15,True,0.2758624851703644,0.722312867641449,0.3111744222854349,0.7276091783858419,0.4359201769637539,983,2176,368,lgb_rain_clf_d9731703-f025-5cf2-bef7-073fb52b7baf_h098.txt,lgb_rain_reg_d9731703-f025-5cf2-bef7-073fb52b7baf_h098.txt
d9731703-f025-5cf2-bef7-073fb52b7baf,ninhthuan,rain,99,cpu,cpu,24,8,0.2,True,0.23442906141281128,0.7166220545768738,0.3597374179429498,0.6084381939299716,0.452145214054196,822,1463,529,lgb_rain_clf_d9731703-f025-5cf2-bef7-073fb52b7baf_h099.txt,lgb_rain_reg_d9731703-f025-5cf2-bef7-073fb52b7baf_h099.txt
d9731703-f025-5cf2-bef7-073fb52b7baf,ninhthuan,rain,100,cpu,cpu,25,9,0.15,True,0.27147001028060913,0.7222447395324707,0.31305491614590164,0.7046632124347115,0.4335154822696449,952,2089,399,lgb_rain_clf_d9731703-f025-5cf2-bef7-073fb52b7baf_h100.txt,lgb_rain_reg_d9731703-f025-5cf2-bef7-073fb52b7baf_h100.txt
